# unbounded pusher alpha=-3, lab frame
r,theta,ur_bem,ut_bem,ur_blake,ut_blake
1.1,0.06544984695,0.9245255518,-0.1148066752,0.9273416484,-0.117347272
1.1,0.1963495408,0.8937049815,-0.3427446368,0.8969849177,-0.343208818
1.1,0.3272492347,0.8388522841,-0.537794892,0.8379037508,-0.5431876281
1.1,0.4581489286,0.7509010615,-0.6981774925,0.7532589661,-0.7020404963
1.1,0.5890486225,0.6496714944,-0.803052593,0.6475393103,-0.8073971814
1.1,0.7199483164,0.5247594866,-0.847446892,0.5262774523,-0.8506298476
1.1,0.8508480103,0.3960211881,-0.8237961637,0.3957015495,-0.8274658124
1.1,0.9817477042,0.2624960821,-0.7357854298,0.2623456383,-0.738301419
1.1,1.112647398,0.1322791392,-0.5856916077,0.1326448086,-0.5881952543
1.1,1.243547092,0.01344179274,-0.3852989138,0.012542054,-0.3865408301
1.1,1.374446786,-0.09094762054,-0.1460974708,-0.09286718323,-0.1464407343
1.1,1.50534648,-0.1776197076,0.1150389789,-0.1796293984,0.1161753411
1.1,1.636246174,-0.2440700332,0.3825032845,-0.2451471838,0.3836287778
1.1,1.767145868,-0.2887474325,0.6352776669,-0.2882995118,0.6376930661
1.1,1.898045562,-0.3115722772,0.8580118417,-0.3094609165,0.8608359113
1.1,2.028945255,-0.3142803977,1.034383939,-0.3104192437,1.037417764
1.1,2.159844949,-0.294820299,1.151623182,-0.294198547,1.154765037
1.1,2.290744643,-0.2625541153,1.198563077,-0.2648001436,1.204044729
1.1,2.421644337,-0.22904161,1.176954989,-0.2268803813,1.180880694
1.1,2.552544031,-0.17829634,1.078907326,-0.1853879247,1.085669274
1.1,2.683443725,-0.1481367942,0.9178193051,-0.1451860542,0.9235725225
1.1,2.814343419,-0.1061133234,0.6956342128,-0.1106864115,0.7041891133
1.1,2.945243113,-0.08876384501,0.4416564041,-0.08551974582,0.4409249823
1.1,3.076142807,-0.07486515344,0.1457334782,-0.07226658929,0.1501061647
1.5,0.06544984695,0.9311854443,-0.03204653805,0.9330958214,-0.03221485901
1.5,0.1963495408,0.8903120702,-0.09365950744,0.8921869562,-0.09411950371
1.5,0.3272492347,0.8112601298,-0.1479546897,0.8129849677,-0.1486266491
1.5,0.4581489286,0.6991058629,-0.1905682136,0.7005460268,-0.1913848228
1.5,0.5890486225,0.5609534922,-0.2179688108,0.5620280031,-0.2188709496
1.5,0.7199483164,0.4055259473,-0.2277212547,0.4062113033,-0.2286408661
1.5,0.8508480103,0.2426210585,-0.2186284684,0.2429117826,-0.219505657
1.5,0.9817477042,0.08236139884,-0.1908062415,0.08232554657,-0.1916216282
1.5,1.112647398,-0.06544764055,-0.1457956542,-0.0656499415,-0.1464876325
1.5,1.243547092,-0.1917813243,-0.08638963144,-0.1920724552,-0.08684979334
1.5,1.374446786,-0.2891401105,-0.0163555863,-0.2895448619,-0.01652000165
1.5,1.50534648,-0.3521432857,0.05977032452,-0.3526983789,0.0598795404
1.5,1.636246174,-0.3779472794,0.1369229325,-0.3785366522,0.1372283951
1.5,1.767145868,-0.3661622107,0.209722628,-0.3666175817,0.2102553657
1.5,1.898045562,-0.3187377173,0.273084608,-0.3190608859,0.2738977202
1.5,2.028945255,-0.2400961207,0.3225652963,-0.2403812759,0.3236476802
1.5,2.159844949,-0.1368315508,0.3546118246,-0.1371589899,0.3558625392
1.5,2.290744643,-0.01728700182,0.3667367437,-0.01757051471,0.3680172239
1.5,2.421644337,0.1092739867,0.3576422055,0.1091881695,0.3588820147
1.5,2.552544031,0.2333194973,0.3274660188,0.233546181,0.3286132178
1.5,2.683443725,0.3456628055,0.2777245967,0.3462259314,0.27875049
1.5,2.814343419,0.4381021968,0.2112714271,0.4388891141,0.2121208644
1.5,2.945243113,0.5038560406,0.1320723722,0.5047162281,0.1326558636
1.5,3.076142807,0.5380429832,0.04491905052,0.5388799505,0.04513399564
3,0.06544984695,0.3181660663,-0.00160248512,0.3190336463,-0.001609705668
3,0.1963495408,0.3027740098,-0.004657163483,0.3035975574,-0.004678207735
3,0.3272492347,0.2730172818,-0.007271814931,0.2737558072,-0.007304971336
3,0.4581489286,0.2308807976,-0.009188594999,0.2314993976,-0.009231374324
3,0.5890486225,0.1791722861,-0.01020057948,0.1796449507,-0.01024998847
3,0.7199483164,0.1213321229,-0.0101673966,0.1216438404,-0.01022001823
3,0.8508480103,0.06120070361,-0.009026213795,0.06134839716,-0.009078117094
3,0.9817477042,0.002759013754,-0.006797147656,0.002751094858,-0.00684382329
3,1.112647398,-0.05014031176,-0.003582640676,-0.05028553508,-0.003619225542
3,1.243547092,-0.09403347342,0.0004390223678,-0.09428989129,0.0004171356294
3,1.374446786,-0.1260797624,0.005025308896,-0.1264154437,0.005021730023
3,1.50534648,-0.1442531237,0.009885211555,-0.1446321142,0.009902094258
3,1.636246174,-0.1474775496,0.01469840761,-0.1478618983,0.01473639767
3,1.767145868,-0.1356973302,0.01913691083,-0.1360495337,0.01919519048
3,1.898045562,-0.1098780524,0.02288772639,-0.1101634451,0.02296385522
3,2.028945255,-0.07193848923,0.02567450997,-0.07212695188,0.02576423151
3,2.159844949,-0.02461747872,0.02727646351,-0.02468447221,0.02737393717
3,2.290744643,0.02871570149,0.02754343405,0.02878811,0.02764206296
3,2.421644337,0.08429437028,0.02640666688,0.0845159487,0.02650016182
3,2.552544031,0.138214235,0.02388464353,0.1385847229,0.023967772
3,2.683443725,0.1867015839,0.02008332287,0.1872093857,0.02015208272
3,2.814343419,0.226371574,0.01519035143,0.2269938255,0.01524174826
3,2.945243113,0.2544594908,0.009463440238,0.2551637164,0.009495252723
3,3.076142807,0.2690097271,0.003213821392,0.2697566624,0.003224597748
