# interior velocity at z = L/2, dP = 1.000000
x,y,z,r,ux,uy,uz,uz_exact
0,0,2,0,-2.665273872e-17,-8.54558835e-17,0.0620731891,0.0625
0.05,0,2,0.05,3.024956881e-07,1.258260679e-08,0.06191770005,0.06234375
0.1,0,2,0.1,6.027198207e-07,2.517222092e-08,0.06145123307,0.061875
0.15,0,2,0.15,8.984004213e-07,3.777561784e-08,0.06067378867,0.06109375
0.2,0,2,0.2,1.187264705e-06,5.039910866e-08,0.05958536762,0.06
0.25,0,2,0.25,1.46703877e-06,6.304833187e-08,0.05818597096,0.05859375
0.3,0,2,0.3,1.735447384e-06,7.572805335e-08,0.05647559988,0.056875
0.35,0,2,0.35,1.990213978e-06,8.844201095e-08,0.05445425564,0.05484375
0.4,0,2,0.4,2.247425333e-06,9.994162719e-08,0.05212193932,0.0525
0.45,0,2,0.45,2.471273902e-06,1.121529875e-07,0.04947865286,0.04984375
0.5,0,2,0.5,2.663795005e-06,1.256163939e-07,0.04652439666,0.046875
0.55,0,2,0.55,2.834795172e-06,1.393920577e-07,0.0432591722,0.04359375
0.6,0,2,0.6,2.972533137e-06,1.55897211e-07,0.03968298106,0.04
0.65,0,2,0.65,3.088452662e-06,1.811958922e-07,0.03579582791,0.03609375
0.7,0,2,0.7,3.187040917e-06,2.461625486e-07,0.031597741,0.031875
0.75,0,2,0.75,3.249197861e-06,4.674243709e-07,0.02708886376,0.02734375
0.8,0,2,0.8,3.281865404e-06,1.19465887e-06,0.02226983155,0.0225
0.85,0,2,0.85,3.280168351e-06,3.272429158e-06,0.01714328399,0.01734375
0.9,0,2,0.9,3.259748652e-06,7.943978202e-06,0.01171934929,0.011875
0.95,0,2,0.95,3.604115742e-06,1.423361132e-05,0.006033226411,0.00609375
0,0,2,0,-2.665273872e-17,-8.54558835e-17,0.0620731891,0.0625
0.04045084972,0.02938926261,2,0.05,2.373282817e-07,1.879820471e-07,0.06191770005,0.06234375
0.08090169944,0.05877852523,2,0.1,4.728147172e-07,3.746345767e-07,0.06145123307,0.061875
0.1213525492,0.08816778784,2,0.15,7.046172573e-07,5.58627635e-07,0.06067378867,0.06109375
0.1618033989,0.1175570505,2,0.2,9.308934706e-07,7.386304199e-07,0.05958536762,0.06
0.2022542486,0.1469463131,2,0.25,1.149800417e-06,9.133109254e-07,0.05818597096,0.05859375
0.2427050983,0.1763355757,2,0.3,1.359494592e-06,1.081335657e-06,0.05647559988,0.056875
0.283155948,0.2057248383,2,0.35,1.558131959e-06,1.241369396e-06,0.05445425564,0.05484375
0.3236067977,0.2351141009,2,0.4,1.757946384e-06,1.400069402e-06,0.05212193872,0.0525
0.3640576475,0.2645033635,2,0.45,1.938226304e-06,1.54766842e-06,0.04947865325,0.04984375
0.4045084972,0.2938926261,2,0.5,2.086378052e-06,1.670340666e-06,0.04652439671,0.046875
0.4449593469,0.3232818888,2,0.55,2.21048245e-06,1.778706196e-06,0.04325917131,0.04359375
0.4854101966,0.3526711514,2,0.6,2.316403102e-06,1.870962395e-06,0.03968297938,0.04
0.5258610463,0.382060414,2,0.65,2.418577494e-06,1.949531557e-06,0.0357958137,0.03609375
0.5663118961,0.4114496766,2,0.7,2.537908352e-06,2.003036765e-06,0.03159766554,0.031875
0.6067627458,0.4408389392,2,0.75,2.793916129e-06,1.998440388e-06,0.0270884708,0.02734375
0.6472135955,0.4702282018,2,0.8,3.527010334e-06,1.83626579e-06,0.02226797828,0.0225
0.6876644452,0.4996174644,2,0.85,5.625938891e-06,1.329344369e-06,0.01713524094,0.01734375
0.7281152949,0.5290067271,2,0.9,1.020569598e-05,2.695676613e-07,0.01168689827,0.011875
0.7685661447,0.5583959897,2,0.95,1.483034171e-05,-7.167535815e-07,0.005909975299,0.00609375
0,0,2,0,-2.665273872e-17,-8.54558835e-17,0.0620731891,0.0625
3.061616998e-18,0.05,2,0.05,-1.258260646e-08,3.024956878e-07,0.06191770005,0.06234375
6.123233996e-18,0.1,2,0.1,-2.517222116e-08,6.027198206e-07,0.06145123307,0.061875
9.184850994e-18,0.15,2,0.15,-3.777561795e-08,8.984004206e-07,0.06067378867,0.06109375
1.224646799e-17,0.2,2,0.2,-5.039910834e-08,1.187264705e-06,0.05958536762,0.06
1.530808499e-17,0.25,2,0.25,-6.304833145e-08,1.46703877e-06,0.05818597096,0.05859375
1.836970199e-17,0.3,2,0.3,-7.572805365e-08,1.735447384e-06,0.05647559988,0.056875
2.143131899e-17,0.35,2,0.35,-8.84420112e-08,1.990213978e-06,0.05445425564,0.05484375
2.449293598e-17,0.4,2,0.4,-9.994162737e-08,2.247425333e-06,0.05212193932,0.0525
2.755455298e-17,0.45,2,0.45,-1.121529871e-07,2.471273902e-06,0.04947865286,0.04984375
3.061616998e-17,0.5,2,0.5,-1.256163939e-07,2.663795005e-06,0.04652439666,0.046875
3.367778698e-17,0.55,2,0.55,-1.393920581e-07,2.834795172e-06,0.0432591722,0.04359375
3.673940397e-17,0.6,2,0.6,-1.558972111e-07,2.972533138e-06,0.03968298106,0.04
3.980102097e-17,0.65,2,0.65,-1.811958925e-07,3.088452663e-06,0.03579582791,0.03609375
4.286263797e-17,0.7,2,0.7,-2.461625482e-07,3.187040918e-06,0.031597741,0.031875
4.592425497e-17,0.75,2,0.75,-4.674243704e-07,3.249197862e-06,0.02708886376,0.02734375
4.898587197e-17,0.8,2,0.8,-1.19465887e-06,3.281865403e-06,0.02226983155,0.0225
5.204748896e-17,0.85,2,0.85,-3.272429158e-06,3.280168351e-06,0.01714328399,0.01734375
5.510910596e-17,0.9,2,0.9,-7.943978202e-06,3.259748653e-06,0.01171934929,0.011875
5.817072296e-17,0.95,2,0.95,-1.423361132e-05,3.604115742e-06,0.006033226411,0.00609375
